key,0,2,18,19,20
#,Singular,Plural,,,
offset,0,4,16,20,24
int32,str,str,str,str,str
0,,,,,
1,專屬陸行鳥,,SE_Bt_Etc_ChocoboWhistle,SE_Bt_Etc_ChocoboWhistle_only,SE_Bt_Etc_ChocoboBye
2,,,,,SE_Bt_Etc_ChocoboBye
3,,,,,SE_Bt_Etc_ChocoboBye
4,古菩猩猩,,SE_Bt_Etc_GuuBooWhistle,SE_Bt_Etc_GuuBooWhistle_only,SE_Bt_Etc_GuuBooBye
5,遺產陸行鳥,,SE_Bt_Etc_ChocoboWhistle,SE_Bt_Etc_ChocoboWhistle_only,SE_Bt_Etc_ChocoboBye
6,魔導裝甲,,SE_Bt_Etc_MadoWhistle,SE_Bt_Etc_MadoWhistle_only,SE_Bt_Etc_MadoBye
7,,,,,
8,長鬚豹,,SE_Bt_Etc_CuahrWhistle,SE_Bt_Etc_ChocoboWhistle_only,SE_Bt_Etc_CuahrBye
9,冥鬼之眼,,SE_Bt_Etc_AhrimanWhistle,SE_Bt_Etc_ChocoboWhistle_only,SE_Bt_Etc_AhrimanBye
10,,,,,SE_Bt_Etc_ChocoboBye
11,,,,,SE_Bt_Etc_ChocoboBye
12,,,,,SE_Bt_Etc_ChocoboBye
13,,,,,SE_Bt_Etc_ChocoboBye
14,,,SE_Bt_Etc_MadoWhistle,SE_Bt_Etc_MadoWhistle_only,SE_Bt_Etc_MadoBye
15,獨角獸,,SE_Bt_Etc_UnicornWhistle,SE_Bt_Etc_ChocoboWhistle_only,SE_Bt_Etc_UnicornBye
16,,,SE_Bt_Etc_MadoWhistle,SE_Bt_Etc_MadoWhistle_only,SE_Bt_Etc_MadoBye
17,,,SE_Bt_Etc_MadoWhistle,SE_Bt_Etc_MadoWhistle_only,SE_Bt_Etc_MadoBye
18,貝希摩斯,,SE_Bt_Etc_BehemothWhistle,SE_Bt_Etc_GuuBooWhistle_only,SE_Bt_Etc_BehemothBye
19,兵隊火蛟,,SE_Bt_Etc_TokageWhistle,SE_Bt_Etc_GuuBooWhistle_only,SE_Bt_Etc_TokageBye
20,月桂冠古菩猩猩,,SE_Bt_Etc_GuuBooWhistle,SE_Bt_Etc_GuuBooWhistle_only,SE_Bt_Etc_GuuBooBye
21,魔導裝甲丙型,,SE_Bt_Etc_MadoWhistle,SE_Bt_Etc_MadoWhistle_only,SE_Bt_Etc_MadoBye
22,夢魘,,SE_Bt_Etc_UnicornWhistle,SE_Bt_Etc_ChocoboWhistle_only,SE_Bt_Etc_UnicornBye
23,,,SE_Bt_Etc_TokageWhistle,SE_Bt_Etc_GuuBooWhistle_only,SE_Bt_Etc_TokageBye
24,,,SE_Bt_Etc_GuuBooWhistle,SE_Bt_Etc_GuuBooWhistle_only,SE_Bt_Etc_GuuBooBye
25,胖陸行鳥,,SE_Bt_Etc_DebuCyokoboWhistle,SE_Bt_Etc_ChocoboWhistle_only,SE_Bt_Etc_DebuCyokoboBye
26,兵隊水龍蜥,,SE_Bt_Etc_WaterRizardWhistle,SE_Bt_Etc_GuuBooWhistle_only,SE_Bt_Etc_WaterRizardBye
27,爆彈吊椅,,SE_Bt_Etc_BomKikyuuWhistle,SE_Bt_Etc_GuuBooWhistle_only,SE_Bt_Etc_BomKikyuuBye
28,火妖馬埃馱恩,,SE_Bt_Etc_UnicornWhistle,SE_Bt_Etc_GuuBooWhistle_only,SE_Bt_Etc_UnicornBye
29,風妖馬刻桑圖司,,SE_Bt_Etc_UnicornWhistle,SE_Bt_Etc_GuuBooWhistle_only,SE_Bt_Etc_UnicornBye
30,土妖馬古爾法克西,,SE_Bt_Etc_UnicornWhistle,SE_Bt_Etc_GuuBooWhistle_only,SE_Bt_Etc_UnicornBye
31,水妖馬艾恩巴爾,,SE_Bt_Etc_UnicornWhistle,SE_Bt_Etc_GuuBooWhistle_only,SE_Bt_Etc_UnicornBye
32,戰獅,,SE_Bt_Etc_LionWhistle,SE_Bt_Etc_GuuBooWhistle_only,SE_Bt_Etc_LionBye
33,戰熊,,SE_Bt_Etc_KumaWhistle,SE_Bt_Etc_GuuBooWhistle_only,SE_Bt_Etc_KumaBye
34,大陸行鳥,,SE_Bt_Etc_ChocoboWhistle,SE_Bt_Etc_ChocoboWhistle_only,SE_Bt_Etc_ChocoboBye
35,恐狼,,SE_Bt_Etc_WolfWhistle,SE_Bt_Etc_GuuBooWhistle_only,SE_Bt_Etc_WolfBye
36,黑渦戰馬,,SE_Bt_Etc_UnicornWhistle,SE_Bt_Etc_GuuBooWhistle_only,SE_Bt_Etc_UnicornBye
37,雙蛇戰馬,,SE_Bt_Etc_UnicornWhistle,SE_Bt_Etc_GuuBooWhistle_only,SE_Bt_Etc_UnicornBye
38,恆輝戰馬,,SE_Bt_Etc_UnicornWhistle,SE_Bt_Etc_GuuBooWhistle_only,SE_Bt_Etc_UnicornBye
39,,,SE_Bt_Etc_WaterRizardWhistle,SE_Bt_Etc_GuuBooWhistle_only,SE_Bt_Etc_WaterRizardBye
40,雷妖馬瑪卡布,,SE_Bt_Etc_UnicornWhistle,SE_Bt_Etc_GuuBooWhistle_only,SE_Bt_Etc_UnicornBye
41,典禮陸行鳥,,SE_Bt_Etc_ChocoboWhistle,SE_Bt_Etc_ChocoboWhistle_only,SE_Bt_Etc_ChocoboBye
42,斯萊普尼爾,,SE_Bt_Etc_SleipnilWhistle,SE_Bt_Etc_GuuBooWhistle_only,SE_Bt_Etc_SleipnilBye
43,冰妖馬玻瑞阿斯,,SE_Bt_Etc_UnicornWhistle,SE_Bt_Etc_GuuBooWhistle_only,SE_Bt_Etc_UnicornBye
44,遊行陸行鳥,,SE_Bt_Etc_DebuCyokoboWhistle,SE_Bt_Etc_ChocoboWhistle_only,SE_Bt_Etc_DebuCyokoboBye
45,黑陸行鳥,,SE_Bt_Etc_ChocoboWhistle,SE_Bt_Etc_ChocoboWhistle_only,SE_Bt_Etc_ChocoboBye
46,精金龜,,SE_Bt_Etc_AdamanWhistle,SE_Bt_Etc_GuuBooWhistle_only,SE_Bt_Etc_AdamanBye
47,麒麟,,SE_Bt_Etc_KirinWhistle,SE_Bt_Etc_GuuBooWhistle_only,SE_Bt_Etc_KirinBye
48,騎乘系統,,SE_Bt_Etc_DaragabWhistle,SE_Bt_Etc_MadoWhistle_only,SE_Bt_Etc_DaragabBye
49,芬里爾,,SE_Bt_Etc_FenrirWhistle,SE_Bt_Etc_GuuBooWhistle_only,SE_Bt_Etc_FenrirBye
50,塵世幻龍,,SE_Bt_Etc_DragoneWhistle,SE_Bt_Etc_GuuBooWhistle_only,SE_Bt_Etc_DragoneBye
51,,,,,
52,紅大陸行鳥,,SE_Bt_Etc_ChocoboWhistle,SE_Bt_Etc_ChocoboWhistle_only,SE_Bt_Etc_ChocoboBye
53,騰雲蛇,,SE_Bt_Etc_CeronWhistle,SE_Bt_Etc_GuuBooWhistle_only,SE_Bt_Etc_CeronBye
54,獅鷲,,SE_Bt_Etc_GrifinWhistle,SE_Bt_Etc_GuuBooWhistle_only,SE_Bt_Etc_GrifinBye
55,破魔艇,,SE_Bt_Etc_HitorinoriWhistle,SE_Bt_Etc_MadoWhistle_only,SE_Bt_Etc_HitorinoriBye
56,戰豹,,SE_Bt_Etc_CuahrWhistle,SE_Bt_Etc_ChocoboWhistle_only,SE_Bt_Etc_CuahrBye
57,,,SE_Bt_Etc_ChocoboWhistle,SE_Bt_Etc_ChocoboWhistle_only,SE_Bt_Etc_ChocoboBye
58,哥布林戰車,,SE_Bt_Etc_GobrinTunkWhistle,SE_Bt_Etc_MadoWhistle_only,SE_Bt_Etc_GobrinTunkBye
59,雙塔尼亞,,SE_Bt_Etc_TwinTaniaWhistle,SE_Bt_Etc_GuuBooWhistle_only,SE_Bt_Etc_TwinTaniaBye
60,,,SE_Bt_Etc_GobrinTunkWhistle,SE_Bt_Etc_MadoWhistle_only,SE_Bt_Etc_GobrinTunkBye
61,,,SE_Bt_Etc_GobrinTunkWhistle,SE_Bt_Etc_MadoWhistle_only,SE_Bt_Etc_GobrinTunkBye
62,魔女掃帚,,SE_Bt_Etc_HoukiWhistle,SE_Bt_Etc_GuuBooWhistle_only,SE_Bt_Etc_HoukiBye
63,,,SE_Bt_Etc_HoukiWhistle,SE_Bt_Etc_GuuBooWhistle_only,SE_Bt_Etc_HoukiBye
64,,,,,
65,夕,,SE_Bt_Etc_BehemothWhistle,SE_Bt_Etc_GuuBooWhistle_only,SE_Bt_Etc_BehemothBye
66,,,SE_Bt_Etc_CeronWhistle,SE_Bt_Etc_GuuBooWhistle_only,SE_Bt_Etc_CeronBye
67,天馬,,SE_Bt_Etc_UnicornWhistle,SE_Bt_Etc_GuuBooWhistle_only,SE_Bt_Etc_UnicornBye
68,莉維亞專用魔導裝甲,,SE_Bt_Etc_MadoWhistle,SE_Bt_Etc_MadoWhistle_only,SE_Bt_Etc_MadoBye
69,尼祿專用魔導裝甲,,SE_Bt_Etc_MadoWhistle,SE_Bt_Etc_MadoWhistle_only,SE_Bt_Etc_MadoBye
70,雙足飛龍,,SE_Bt_Etc_TwinTaniaWhistle,SE_Bt_Etc_GuuBooWhistle_only,SE_Bt_Etc_TwinTaniaBye
71,SDS芬里爾,,SE_Bt_Etc_BikeWhistle,SE_Bt_Etc_MadoWhistle_only,SE_Bt_Etc_BikeBye
72,恐甲螞蜓,,SE_Bt_Etc_EnsaWhistle,SE_Bt_Etc_GuuBooWhistle_only,SE_Bt_Etc_EnsaBye
73,祖,,SE_Bt_Etc_ZooWhistle,SE_Bt_Etc_GuuBooWhistle_only,SE_Bt_Etc_ZooBye
74,貝努鳥,,SE_Bt_Etc_BennuWhistle,SE_Bt_Etc_GuuBooWhistle_only,SE_Bt_Etc_BennuWhistle_only
75,白雲獵鷹,,SE_Bt_Etc_BirdWhistle,SE_Bt_Etc_GuuBooWhistle_only,SE_Bt_Etc_BirdBye
76,怒武獵鷹,,SE_Bt_Etc_BirdWhistle,SE_Bt_Etc_GuuBooWhistle_only,SE_Bt_Etc_BirdBye
77,圓桌獵鷹,,SE_Bt_Etc_BirdWhistle,SE_Bt_Etc_GuuBooWhistle_only,SE_Bt_Etc_BirdBye
78,戰爭獵鷹,,SE_Bt_Etc_BirdWhistle,SE_Bt_Etc_GuuBooWhistle_only,SE_Bt_Etc_BirdBye
79,,,SE_Bt_Etc_EnsaWhistle,SE_Bt_Etc_GuuBooWhistle_only,SE_Bt_Etc_EnsaBye
80,榮耀號,,SE_Bt_Etc_CyoukogataWhistle,SE_Bt_Etc_MadoWhistle_only,SE_Bt_Etc_CyoukogataBye
81,筋斗雲,,SE_Bt_Etc_KintounWhistle,SE_Bt_Etc_GuuBooWhistle_only,SE_Bt_Etc_KintounBye
82,初代胖陸行鳥,,SE_Bt_Etc_DebuCyokoboWhistle,SE_Bt_Etc_ChocoboWhistle_only,SE_Bt_Etc_DebuCyokoboBye
83,天陽馬阿斯特洛珀,,SE_Bt_Etc_UnicornWhistle,SE_Bt_Etc_GuuBooWhistle_only,SE_Bt_Etc_UnicornBye
84,胖莫古力,,SE_Bt_Etc_MogKikyuuWhistle,SE_Bt_Etc_GuuBooWhistle_only,SE_Bt_Etc_MogKikyuuBye
85,,,SE_Bt_Etc_WaterRizardWhistle,SE_Bt_Etc_GuuBooWhistle_only,SE_Bt_Etc_WaterRizardBye
86,孢雲棉花糖,,SE_Bt_Etc_PopoWhistle,SE_Bt_Etc_GuuBooWhistle_only,SE_Bt_Etc_PopoBye
87,維斯帕號,,SE_Bt_Etc_YoukaiWhistle,SE_Bt_Etc_GuuBooWhistle_only,SE_Bt_Etc_YoukaiBye
88,,,SE_Bt_Etc_TwinTaniaWhistle,SE_Bt_Etc_GuuBooWhistle_only,SE_Bt_Etc_TwinTaniaBye
89,,,SE_Bt_Etc_PopoWhistle,SE_Bt_Etc_GuuBooWhistle_only,SE_Bt_Etc_PopoBye
90,暗黑獵鷹,,SE_Bt_Etc_BirdWhistle,SE_Bt_Etc_GuuBooWhistle_only,SE_Bt_Etc_BirdBye
91,浮空系統,,SE_Bt_Etc_DaragabWhistle,SE_Bt_Etc_MadoWhistle_only,SE_Bt_Etc_DaragabBye
92,顱浮巨像,,SE_Bt_Etc_AhrimanWhistle,SE_Bt_Etc_ChocoboWhistle_only,SE_Bt_Etc_AhrimanBye
93,逐月幻狼瑪納加爾姆,,SE_Bt_Etc_FenrirWhistle,SE_Bt_Etc_GuuBooWhistle_only,SE_Bt_Etc_FenrirBye
94,維斯帕前進號,,SE_Bt_Etc_YoukaiWhistle,SE_Bt_Etc_GuuBooWhistle_only,SE_Bt_Etc_YoukaiBye
95,轟天,,SE_Bt_Etc_GaroWhistle,SE_Bt_Etc_GuuBooWhistle_only,SE_Bt_Etc_GaroBye
96,銀牙,,SE_Bt_Etc_GaroWhistle,SE_Bt_Etc_GuuBooWhistle_only,SE_Bt_Etc_GaroBye
97,仙術熊貓,,SE_Bt_Etc_PandaWhistle,SE_Bt_Etc_GuuBooWhistle_only,SE_Bt_Etc_PandaBye
98,睿智獵鷹,,SE_Bt_Etc_BirdWhistle,SE_Bt_Etc_GuuBooWhistle_only,SE_Bt_Etc_BirdBye
99,星芒熊,,SE_Bt_Etc_XmasKumaWhistle,SE_Bt_Etc_GuuBooWhistle_only,SE_Bt_Etc_XmasKumaBye
100,黑天馬,,SE_Bt_Etc_UnicornWhistle,SE_Bt_Etc_GuuBooWhistle_only,SE_Bt_Etc_UnicornBye
101,阿里達烏斯,,SE_Bt_Etc_AlxWhistle,SE_Bt_Etc_MadoWhistle_only,SE_Bt_Etc_AlxBye
102,雷剛,,SE_Bt_Etc_GaroWhistle,SE_Bt_Etc_GuuBooWhistle_only,SE_Bt_Etc_GaroBye
103,尼祿專用魔導裝甲,,SE_Bt_Etc_MadoWhistle,SE_Bt_Etc_MadoWhistle_only,SE_Bt_Etc_MadoBye
104,厲鬼獵鷹,,SE_Bt_Etc_BirdWhistle,SE_Bt_Etc_GuuBooWhistle_only,SE_Bt_Etc_BirdBye
105,鳳凰,,SE_Bt_Etc_HououWhistle,SE_Bt_Etc_HououBye,SE_Bt_Etc_HououBye
106,彩蛋系統,,SE_Bt_Etc_DaragabWhistle,SE_Bt_Etc_MadoWhistle_only,SE_Bt_Etc_EggBye
107,,,SE_Bt_Etc_DaragabWhistle,SE_Bt_Etc_MadoWhistle_only,SE_Bt_Etc_EggBye
108,孤傲地獄犬,,SE_Bt_Etc_FenrirWhistle,SE_Bt_Etc_GuuBooWhistle_only,SE_Bt_Etc_FenrirBye
109,首領地獄犬,,SE_Bt_Etc_FenrirWhistle,SE_Bt_Etc_GuuBooWhistle_only,SE_Bt_Etc_FenrirBye
110,賢者座椅,,SE_Bt_Etc_IsuWhistle,SE_Bt_Etc_GuuBooWhistle_only,SE_Bt_Etc_IsuBye
111,希爾德拉,,SE_Bt_Etc_ShirudoraWhistle,SE_Bt_Etc_GuuBooWhistle_only,SE_Bt_Etc_ShirudoraBye
112,飛隼號,,SE_Bt_Etc_HitorinoriWhistle,SE_Bt_Etc_GuuBooWhistle_only,SE_Bt_Etc_HitorinoriBye
113,孤傲妖精犬,,SE_Bt_Etc_FenrirWhistle,SE_Bt_Etc_GuuBooWhistle_only,SE_Bt_Etc_FenrirBye
114,首領妖精犬,,SE_Bt_Etc_FenrirWhistle,SE_Bt_Etc_GuuBooWhistle_only,SE_Bt_Etc_FenrirBye
115,極樂神威,,SE_Bt_Etc_InugamiWhistle,SE_Bt_Etc_GuuBooWhistle_only,SE_Bt_Etc_InugamiBye
116,狂歡神威,,SE_Bt_Etc_InugamiWhistle,SE_Bt_Etc_GuuBooWhistle_only,SE_Bt_Etc_InugamiBye
117,,,SE_Bt_Etc_HarpieWhistle,SE_Bt_Etc_HarpieWhistle_only,SE_Bt_Etc_HarpieBye
118,,,SE_Bt_Etc_MantaWhistle,SE_Bt_Etc_GuuBooWhistle_only,SE_Bt_Etc_MantaBye
119,,,SE_Bt_Etc_BirdWhistle,SE_Bt_Etc_GuuBooWhistle_only,SE_Bt_Etc_BirdBye
120,,,SE_Bt_Etc_UnicornWhistle,SE_Bt_Etc_GuuBooWhistle_only,SE_Bt_Etc_UnicornBye
121,魔導獵手,,SE_Bt_Etc_MadoWhistle,SE_Bt_Etc_MadoWhistle_only,SE_Bt_Etc_MadoBye
122,鬥獅,,SE_Bt_Etc_LionWhistle,SE_Bt_Etc_GuuBooWhistle_only,SE_Bt_Etc_LionBye
123,鬥熊,,SE_Bt_Etc_KumaWhistle,SE_Bt_Etc_GuuBooWhistle_only,SE_Bt_Etc_KumaBye
124,鬥豹,,SE_Bt_Etc_CuahrWhistle,SE_Bt_Etc_GuuBooWhistle_only,SE_Bt_Etc_CuahrBye
125,胡鷹,,SE_Bt_Etc_HarpieWhistle,SE_Bt_Etc_HarpieWhistle_only,SE_Bt_Etc_HarpieBye
126,老者,,SE_Bt_Etc_JuraeibisWhistle,SE_Bt_Etc_GuuBooWhistle_only,SE_Bt_Etc_JuraeibisBye
127,兵團虎,,SE_Bt_Etc_ToraWhistle,SE_Bt_Etc_GuuBooWhistle_only,SE_Bt_Etc_ToraBye
128,捕獲的魔導裝甲,,SE_Bt_Etc_MadoWhistle,SE_Bt_Etc_MadoWhistle_only,SE_Bt_Etc_MadoBye
129,,,SE_Bt_Etc_MantaWhistle,SE_Bt_Etc_GuuBooWhistle_only,SE_Bt_Etc_MantaBye
130,伊克西翁,,SE_Bt_Etc_IxionWhistle,SE_Bt_Etc_GuuBooWhistle_only,SE_Bt_Etc_IxionBye
131,,,SE_Bt_Etc_GobrinTunkWhistle,SE_Bt_Etc_MadoWhistle_only,SE_Bt_Etc_GobrinTunkBye
132,,,SE_Bt_Etc_GobrinTunkWhistle,SE_Bt_Etc_MadoWhistle_only,SE_Bt_Etc_GobrinTunkBye
133,夢幻神威,,SE_Bt_Etc_InugamiWhistle,SE_Bt_Etc_GuuBooWhistle_only,SE_Bt_Etc_InugamiBye
134,,,SE_Bt_Etc_XmasKumaWhistle,SE_Bt_Etc_GuuBooWhistle_only,SE_Bt_Etc_XmasKumaBye
135,風火輪,,SE_Bt_Etc_FuukaNirinWhistle,SE_Bt_Etc_GuuBooWhistle_only,SE_Bt_Etc_FuukaNirinBye
136,斑鰩,,SE_Bt_Etc_MantaWhistle,SE_Bt_Etc_GuuBooWhistle_only,SE_Bt_Etc_MantaBye
137,,,SE_Bt_Etc_MantaWhistle,SE_Bt_Etc_GuuBooWhistle_only,SE_Bt_Etc_MantaBye
138,海藍寶石獸,,SE_Bt_Etc_CarbuncleWhistle,SE_Bt_Etc_HarpieWhistle_only,SE_Bt_Etc_CarbuncleBye
139,黃水晶寶石獸,,SE_Bt_Etc_CarbuncleWhistle,SE_Bt_Etc_HarpieWhistle_only,SE_Bt_Etc_CarbuncleBye
140,飛行座椅,,SE_Bt_Etc_LanosceasofaWhistle,SE_Bt_Etc_GuuBooWhistle_only,SE_Bt_Etc_LanosceasofaBye
141,魔導復仇者騎乘型,,SE_Bt_Etc_MekagoriraWhistle,SE_Bt_Etc_MadoWhistle_only,SE_Bt_Etc_MekagoriraBye
142,葉大妖,,SE_Bt_Etc_MarimokunWhistle,SE_Bt_Etc_GuuBooWhistle_only,SE_Bt_Etc_MarimokunBye
143,赤兔馬,,SE_Bt_Etc_SekitobaWhistle,SE_Bt_Etc_GuuBooWhistle_only,SE_Bt_Etc_SekitobaBye
144,白帝神威,,SE_Bt_Etc_InugamiWhistle,SE_Bt_Etc_GuuBooWhistle_only,SE_Bt_Etc_InugamiBye
145,拘束型魔導死亡爪,,SE_Bt_Etc_DeathClawWhistle,SE_Bt_Etc_MadoWhistle_only,SE_Bt_Etc_DeathClawBye
146,魔象,,SE_Bt_Etc_ElephantWhistle,SE_Bt_Etc_GuuBooWhistle_only,SE_Bt_Etc_ElephantBye
147,力氣大的魔象,,SE_Bt_Etc_ElephantWhistle,SE_Bt_Etc_GuuBooWhistle_only,SE_Bt_Etc_ElephantBye
148,真獅鷲,,SE_Bt_Etc_GrifinWhistle,SE_Bt_Etc_GuuBooWhistle_only,SE_Bt_Etc_GrifinBye
149,真獅鷲,,SE_Bt_Etc_GrifinWhistle,SE_Bt_Etc_GuuBooWhistle_only,SE_Bt_Etc_GrifinBye
150,暴龍,,SE_Bt_Etc_TRexWhistle,SE_Bt_Etc_GuuBooWhistle_only,SE_Bt_Etc_TRexBye
151,雷迦利亞G型,,SE_Bt_Etc_CarWhistle,SE_Bt_Etc_MadoWhistle_only,SE_Bt_Etc_CarBye
152,飛天半心椅（右）,,SE_Bt_Etc_RightHeartWhistle,SE_Bt_Etc_GuuBooWhistle_only,SE_Bt_Etc_RightHeartBye
153,飛天半心椅（左）,,SE_Bt_Etc_RightHeartWhistle,SE_Bt_Etc_GuuBooWhistle_only,SE_Bt_Etc_RightHeartBye
154,提豐老師,,SE_Bt_Etc_TyuponeWhistle,SE_Bt_Etc_GuuBooWhistle_only,SE_Bt_Etc_TyuponeBye
155,,,SE_Bt_Etc_TyuponeWhistle,SE_Bt_Etc_GuuBooWhistle_only,SE_Bt_Etc_TyuponeBye
156,空軍裝甲,,SE_Bt_Etc_AirForceWhistle,SE_Bt_Etc_GuuBooWhistle_only,SE_Bt_Etc_AirForceBye
157,,,SE_Bt_Etc_AirForceWhistle,SE_Bt_Etc_GuuBooWhistle_only,SE_Bt_Etc_AirForceBye
158,幽夜神威,,SE_Bt_Etc_InugamiWhistle,SE_Bt_Etc_GuuBooWhistle_only,SE_Bt_Etc_InugamiBye
159,渡渡鳥,,SE_Bt_Etc_DodoWhistle,SE_Bt_Etc_GuuBooWhistle_only,SE_Bt_Etc_DodoBye
160,鬚鯨,,SE_Bt_Etc_KujiraWhistle,SE_Bt_Etc_GuuBooWhistle_only,SE_Bt_Etc_KujiraBye
161,火龍,,SE_Bt_Etc_NIKUBossWhistle,SE_Bt_Etc_GuuBooWhistle_only,SE_Bt_Etc_NIKUBossBye
162,魔導運輸器,,SE_Bt_Etc_HakaseIsuWhistle,SE_Bt_Etc_MadoWhistle_only,SE_Bt_Etc_HakaseIsuBye
163,原型運輸器,,SE_Bt_Etc_HakaseIsuWhistle,SE_Bt_Etc_MadoWhistle_only,SE_Bt_Etc_HakaseIsuBye
164,巨鯰魚神轎,,SE_Bt_Etc_NamazuoWhistle,SE_Bt_Etc_GuuBooWhistle_only,SE_Bt_Etc_NamazuoBye
165,,,SE_Bt_Etc_NamazuoWhistle,SE_Bt_Etc_GuuBooWhistle_only,SE_Bt_Etc_NamazuoBye
166,絕地,,SE_Bt_Etc_SekitobaWhistle,SE_Bt_Etc_GuuBooWhistle_only,SE_Bt_Etc_SekitobaBye
167,,,,,
168,護送系統,,SE_Bt_Etc_DaragabWhistle,SE_Bt_Etc_MadoWhistle_only,SE_Bt_Etc_DaragabBye
169,,,SE_Bt_Etc_UnicornWhistle,SE_Bt_Etc_GuuBooWhistle_only,SE_Bt_Etc_UnicornBye
170,格拉尼,,SE_Bt_Etc_DarkUnicornWhistle,SE_Bt_Etc_GuuBooWhistle_only,SE_Bt_Etc_DarkUnicornBye
171,貓大胖,,SE_Bt_Etc_DebuNekoWhistle,SE_Bt_Etc_GuuBooWhistle_only,SE_Bt_Etc_DebuNekoBye
172,朱焰神威,,SE_Bt_Etc_InugamiWhistle,SE_Bt_Etc_GuuBooWhistle_only,SE_Bt_Etc_InugamiBye
173,歐米茄,,SE_Bt_Etc_OmegaWhistle,SE_Bt_Etc_MadoWhistle_only,SE_Bt_Etc_OmegaBye
174,魔導浮空裝甲,,SE_Bt_Etc_SyumitWhistle,SE_Bt_Etc_MadoWhistle_only,SE_Bt_Etc_SyumitBye
175,魔法飛毯,,SE_Bt_Etc_JuutanWhistle,SE_Bt_Etc_GuuBooWhistle_only,SE_Bt_Etc_JuutanBye
176,魔導機車大魔,,SE_Bt_Etc_MagunarodersWhistle,SE_Bt_Etc_MadoWhistle_only,SE_Bt_Etc_MagunarodersBye
177,黑色胖陸行鳥,,SE_Bt_Etc_DebuCyokoboWhistle,SE_Bt_Etc_ChocoboWhistle_only,SE_Bt_Etc_DebuCyokoboBye
178,火巨人,,SE_Bt_Etc_FireIetyWhistle,SE_Bt_Etc_GuuBooWhistle_only,SE_Bt_Etc_FireIetyBye
179,改良型魔導機車大魔,,SE_Bt_Etc_MagunarodersWhistle,SE_Bt_Etc_MadoWhistle_only,SE_Bt_Etc_MagunarodersBye
180,帝王仙人刺,,SE_Bt_Etc_SabotenderWhistle,SE_Bt_Etc_GuuBooWhistle_only,SE_Bt_Etc_SabotenderBye
181,九尾神威,,SE_Bt_Etc_KyuubiWhistle,SE_Bt_Etc_GuuBooWhistle_only,SE_Bt_Etc_KyuubiBye
182,青君神威,,SE_Bt_Etc_InugamiWhistle,SE_Bt_Etc_GuuBooWhistle_only,SE_Bt_Etc_InugamiBye
183,戰虎,,SE_Bt_Etc_ToraWhistle,SE_Bt_Etc_GuuBooWhistle_only,SE_Bt_Etc_ToraBye
184,優雷卡鹽藍燕,,SE_Bt_Etc_UmiushiWhistle,SE_Bt_Etc_GuuBooWhistle_only,SE_Bt_Etc_UmiushiBye
185,魔導復仇者寒冷地區特製型,,SE_Bt_Etc_MekagoriraWhistle,SE_Bt_Etc_MadoWhistle_only,SE_Bt_Etc_MekagoriraBye
186,半靈奧茲瑪,,SE_Bt_Etc_OzmanWhistle,SE_Bt_Etc_GuuBooWhistle_only,SE_Bt_Etc_OzmaBye
187,阿馬羅,,SE_Bt_Etc_RakudaDragoneWhistle,SE_Bt_Etc_GuuBooWhistle_only,SE_Bt_Etc_RakudaDragoneBye
188,氣墊船,,SE_Bt_Etc_HoverWhistle,SE_Bt_Etc_MadoWhistle_only,SE_Bt_Etc_HoverBye
189,仙子玲龍,,SE_Bt_Etc_BanshinryuuWhistle,SE_Bt_Etc_GuuBooWhistle_only,SE_Bt_Etc_BanshinryuuBye
190,三角龍,,SE_Bt_Etc_TorikeratopusuWhistle,SE_Bt_Etc_GuuBooWhistle_only,SE_Bt_Etc_TorikeratopusuBye
191,青蛙號M,,SE_Bt_Etc_DowarfWhistle,SE_Bt_Etc_GuuBooWhistle_only,SE_Bt_Etc_DowarfBye
192,無瑕玲龍,,SE_Bt_Etc_BanshinryuuWhistle,SE_Bt_Etc_GuuBooWhistle_only,SE_Bt_Etc_BanshinryuuBye
193,魔法飛床,,SE_Bt_Etc_ShroudBedWhistle,SE_Bt_Etc_GuuBooWhistle_only,SE_Bt_Etc_ShroudBedBye
194,大陸之眼,,SE_Bt_Etc_AhrimanWhistle,SE_Bt_Etc_ChocoboWhistle_only,SE_Bt_Etc_AhrimanBye
195,金鬥雲,,SE_Bt_Etc_KintounWhistle,SE_Bt_Etc_GuuBooWhistle_only,SE_Bt_Etc_KintounBye
196,,,SE_Bt_Etc_RakudaDragoneWhistle,SE_Bt_Etc_GuuBooWhistle_only,SE_Bt_Etc_RakudaDragoneBye
197,鬥虎,,SE_Bt_Etc_ToraWhistle,SE_Bt_Etc_GuuBooWhistle_only,SE_Bt_Etc_ToraBye
198,,,SE_Bt_Etc_RakudaDragoneWhistle,SE_Bt_Etc_GuuBooWhistle_only,SE_Bt_Etc_RakudaDragoneBye
199,,,SE_Bt_Etc_AhrimanWhistle,SE_Bt_Etc_ChocoboWhistle_only,SE_Bt_Etc_AhrimanBye
200,魔界花,,SE_Bt_Etc_MolbolWhistle,SE_Bt_Etc_GuuBooWhistle_only,SE_Bt_Etc_MolbolBye
201,豬大仙,,SE_Bt_Etc_FairyOakWhistle,SE_Bt_Etc_GuuBooWhistle_only,SE_Bt_Etc_FairyOakBye
202,厄毗米修斯,,SE_Bt_Etc_PrometeusWhistle,SE_Bt_Etc_MadoWhistle_only,SE_Bt_Etc_PrometeusBye
203,墨諾提俄斯,,SE_Bt_Etc_PrometeusWhistle,SE_Bt_Etc_MadoWhistle_only,SE_Bt_Etc_PrometeusBye
204,建築7號,,SE_Bt_Etc_KoboldGolemWhistle,SE_Bt_Etc_MadoWhistle_only,SE_Bt_Etc_KoboldGolemBye
205,暗影玲龍,,SE_Bt_Etc_BanshinryuuWhistle,SE_Bt_Etc_GuuBooWhistle_only,SE_Bt_Etc_BanshinryuuBye
206,搬運魔石精,,SE_Bt_Etc_SpriganWhistle,SE_Bt_Etc_GuuBooWhistle_only,SE_Bt_Etc_SpriganBye
207,得到寬恕的沉默,,SE_Bt_Etc_YonsokuTenshiWhistle,SE_Bt_Etc_GuuBooWhistle_only,SE_Bt_Etc_YonsokuTenshiBye
208,長頸駝,,SE_Bt_Etc_DhalmelWhistle,SE_Bt_Etc_GuuBooWhistle_only,SE_Bt_Etc_DhalmelBye
209,白化黑羊,,SE_Bt_Etc_SheepWhistle,SE_Bt_Etc_GuuBooWhistle_only,SE_Bt_Etc_SheepBye
210,,,SE_Bt_Etc_FairyOakWhistle,SE_Bt_Etc_GuuBooWhistle_only,SE_Bt_Etc_FairyOakBye
211,巫菲提,,SE_Bt_Etc_GorilaWhistle,SE_Bt_Etc_GuuBooWhistle_only,SE_Bt_Etc_GorilaBye
212,恐爪龍,,SE_Bt_Etc_RaptorWhistle,SE_Bt_Etc_GuuBooWhistle_only,SE_Bt_Etc_RaptorBye
213,勞動十四號,,SE_Bt_Etc_Labor8Whistle,SE_Bt_Etc_GuuBooWhistle_only,SE_Bt_Etc_Labor8Bye
214,王孔雀,,SE_Bt_Etc_PeacockWhistle,SE_Bt_Etc_GuuBooWhistle_only,SE_Bt_Etc_PeacockBye
215,水蛇大人的罐子,,SE_Bt_Etc_TsuchinokoWhistle,SE_Bt_Etc_GuuBooWhistle_only,SE_Bt_Etc_TsuchinokoBye
216,無齒翼龍,,SE_Bt_Etc_PteranodonWhistle,SE_Bt_Etc_GuuBooWhistle_only,SE_Bt_Etc_PteranodonBye
217,紅寶石玲龍,,SE_Bt_Etc_BanshinryuuWhistle,SE_Bt_Etc_GuuBooWhistle_only,SE_Bt_Etc_BanshinryuuBye
218,弓鮫,,SE_Bt_Etc_SharkWhistle,SE_Bt_Etc_GuuBooWhistle_only,SE_Bt_Etc_SharkBye
219,拉姆,,SE_Bt_Etc_1stRamuhWhistle,SE_Bt_Etc_GuuBooWhistle_only,SE_Bt_Etc_1stRamuhBye
220,紅電氣寶石獸,,SE_Bt_Etc_CarbuncleWhistle,SE_Bt_Etc_HarpieWhistle_only,SE_Bt_Etc_CarbuncleBye
221,,,SE_Bt_Etc_TsuchinokoWhistle,SE_Bt_Etc_GuuBooWhistle_only,SE_Bt_Etc_TsuchinokoBye
222,陸行鳥篷車,,SE_Bt_Etc_CCarriageWhistle,SE_Bt_Etc_ChocoboWhistle_only,SE_Bt_Etc_CCarriageBye
223,矮人戰車,,SE_Bt_Etc_DTankWhistle,SE_Bt_Etc_MadoWhistle_only,SE_Bt_Etc_DTankBye
224,加百列α,,SE_Bt_Etc_ZeroGabrielWhistle,SE_Bt_Etc_MadoWhistle_only,SE_Bt_Etc_ZeroGabrieBye
225,碩山羊,,SE_Bt_Etc_GazelleWhistle,SE_Bt_Etc_GuuBooWhistle_only,SE_Bt_Etc_GazelleBye
226,光之玲龍,,SE_Bt_Etc_BanshinryuuWhistle,SE_Bt_Etc_GuuBooWhistle_only,SE_Bt_Etc_BanshinryuuBye
227,,,SE_Bt_Etc_DTankWhistle,SE_Bt_Etc_MadoWhistle_only,SE_Bt_Etc_DTankBye
228,地縛貓沙發,,SE_Bt_Etc_YKWChairWhistle,SE_Bt_Etc_GuuBooWhistle_only,SE_Bt_Etc_YKWChairBye
229,改良型魔導運輸器,,SE_Bt_Etc_HakaseIsuWhistle,SE_Bt_Etc_MadoWhistle_only,SE_Bt_Etc_HakaseIsuBye
230,艾爾·圖,,SE_Bt_Etc_ErtoWhistle,SE_Bt_Etc_GuuBooWhistle_only,SE_Bt_Etc_ErtoBye
231,英西塔土斯,,SE_Bt_Etc_UnicornWhistle,SE_Bt_Etc_GuuBooWhistle_only,SE_Bt_Etc_UnicornBye
232,雪人,,SE_Bt_Etc_SnowmanWhistle,SE_Bt_Etc_GuuBooWhistle_only,SE_Bt_Etc_SnowmanBye
233,真月魔導鯨,,SE_Bt_Etc_FF4MadosenWhistle,SE_Bt_Etc_MadoWhistle_only,SE_Bt_Etc_FF4MadosenBye
234,伊甸,,SE_Bt_Etc_EdenPrimelWhistle,SE_Bt_Etc_MadoWhistle_only,SE_Bt_Etc_EdenPrimeBye
235,刻耳柏洛斯,,SE_Bt_Etc_CerberusWhistle,SE_Bt_Etc_GuuBooWhistle_only,SE_Bt_Etc_CerberusBye
236,大殼蟹,,SE_Bt_Etc_FF11CrabWhistle,SE_Bt_Etc_GuuBooWhistle_only,SE_Bt_Etc_FF11CrabBye
237,阿里翁,,SE_Bt_Etc_6LeggedHorseWhistle,SE_Bt_Etc_GuuBooWhistle_only,SE_Bt_Etc_6LeggedHorseBye
238,綠寶石玲龍,,SE_Bt_Etc_BanshinryuuWhistle,SE_Bt_Etc_GuuBooWhistle_only,SE_Bt_Etc_BanshinryuuBye
239,原型魔導機車大魔,,SE_Bt_Etc_MagunarodersWhistle,SE_Bt_Etc_MadoWhistle_only,SE_Bt_Etc_MagunarodersBye
240,巧克力小妖,,SE_Bt_Etc_MarimokunWhistle,SE_Bt_Etc_GuuBooWhistle_only,SE_Bt_Etc_MarimokunBye
241,加百列III號機,,SE_Bt_Etc_ZeroGabrielWhistle,SE_Bt_Etc_MadoWhistle_only,SE_Bt_Etc_ZeroGabrieBye
242,雌羚羊,,SE_Bt_Etc_YackleFWhistle,SE_Bt_Etc_GuuBooWhistle_only,SE_Bt_Etc_YackleFBye
243,雄羚羊,,SE_Bt_Etc_YackleMWhistle,SE_Bt_Etc_GuuBooWhistle_only,SE_Bt_Etc_YackleMBye
244,,,SE_Bt_Etc_MadoWhistle,SE_Bt_Etc_MadoWhistle_only,SE_Bt_Etc_MadoBye
245,黑鋼機龍連達巴非,,SE_Bt_Etc_MechDragonWhistle,SE_Bt_Etc_MadoWhistle_only,SE_Bt_Etc_MechDragonBye
246,王冠號,,SE_Bt_Etc_Bike12Whistle,SE_Bt_Etc_MadoWhistle_only,SE_Bt_Etc_Bike12Bye
247,巡航驅逐者,,SE_Bt_Etc_CChaserWhistle,SE_Bt_Etc_MadoWhistle_only,SE_Bt_Etc_CChaserBye
248,建築06S號,,SE_Bt_Etc_KoboldGolemWhistle,SE_Bt_Etc_MadoWhistle_only,SE_Bt_Etc_KoboldGolemBye
249,鑽石玲龍,,SE_Bt_Etc_BanshinryuuWhistle,SE_Bt_Etc_GuuBooWhistle_only,SE_Bt_Etc_BanshinryuuBye
250,北極熊,,SE_Bt_Etc_XmasKumaWhistle,SE_Bt_Etc_GuuBooWhistle_only,SE_Bt_Etc_XmasKumaBye
251,,,SE_Bt_Etc_MadoWhistle,SE_Bt_Etc_MadoWhistle_only,SE_Bt_Etc_MadoBye
252,巨鯰魚金轎,,SE_Bt_Etc_NamazuoWhistle,SE_Bt_Etc_GuuBooWhistle_only,SE_Bt_Etc_NamazuoBye
253,金蛇大人的罐子,,SE_Bt_Etc_TsuchinokoWhistle,SE_Bt_Etc_GuuBooWhistle_only,SE_Bt_Etc_TsuchinokoBye
254,魔法幻卡,,SE_Bt_Etc_TTCWhistle,SE_Bt_Etc_GuuBooWhistle_only,SE_Bt_Etc_TTCBye
255,海島蔓德拉,,SE_Bt_Etc_Mount_Mandragora_call,SE_Bt_Etc_GuuBooWhistle_only,SE_Bt_Etc_Mount_Mandragora_bye
256,海島洋蔥王子,,SE_Bt_Etc_Mount_Mandragora_call,SE_Bt_Etc_GuuBooWhistle_only,SE_Bt_Etc_Mount_Mandragora_bye
257,海島茄子騎士,,SE_Bt_Etc_Mount_Mandragora_call,SE_Bt_Etc_GuuBooWhistle_only,SE_Bt_Etc_Mount_Mandragora_bye
258,,,,,
259,,,,,
260,,,,,
261,永暗猞猁,,SE_Bt_Etc_Mount_Maju_call,SE_Bt_Etc_GuuBooWhistle_only,SE_Bt_Etc_Mount_Maju_bye
262,聖光猞猁,,SE_Bt_Etc_Mount_Maju_call,SE_Bt_Etc_GuuBooWhistle_only,SE_Bt_Etc_Mount_Maju_bye
263,阿爾戈斯,,SE_Bt_Etc_Mount_MoonDog_call,SE_Bt_Etc_GuuBooWhistle_only,SE_Bt_Etc_Mount_MoonDog_bye
264,恐慌裝甲,,SE_Bt_Etc_Mount_Dread_call,SE_Bt_Etc_MadoWhistle_only,SE_Bt_Etc_Mount_Dread_bye
265,亞靈菲尼克司,,SE_Bt_Etc_Mount_Phoenix_call,SE_Bt_Etc_GuuBooWhistle_only,SE_Bt_Etc_Mount_Phoenix_bye
266,卡呂冬堤斯,,SE_Bt_Etc_Mount_Boar_call,SE_Bt_Etc_GuuBooWhistle_only,SE_Bt_Etc_Mount_Boar_bye
267,優勝犬,,SE_Bt_Etc_Mount_Bulldog_call,SE_Bt_Etc_GuuBooWhistle_only,SE_Bt_Etc_Mount_Bulldog_bye
268,等級檢測儀,,SE_Bt_Etc_Mount_LvChecker_call,SE_Bt_Etc_MadoWhistle_only,SE_Bt_Etc_Mount_LvChecker_bye
269,猴面爸爸,,SE_Bt_Etc_Mount_Paissa_call,SE_Bt_Etc_GuuBooWhistle_only,SE_Bt_Etc_Mount_Paissa_bye
270,,,SE_Bt_Etc_TwinTaniaWhistle,SE_Bt_Etc_GuuBooWhistle_only,SE_Bt_Etc_TwinTaniaBye
271,,,SE_Bt_Etc_Bike12Whistle,SE_Bt_Etc_MadoWhistle_only,SE_Bt_Etc_Bike12Bye
272,,,SE_Bt_Etc_MadoWhistle,SE_Bt_Etc_MadoWhistle_only,SE_Bt_Etc_MadoBye
273,犀蜴,,SE_Bt_Etc_Mount_FF11Wivre_call,SE_Bt_Etc_GuuBooWhistle_only,SE_Bt_Etc_Mount_FF11Wivre_bye
274,仙子豬大王,,SE_Bt_Etc_FairyOakWhistle,SE_Bt_Etc_GuuBooWhistle_only,SE_Bt_Etc_FairyOakBye
275,,,SE_Bt_Etc_DodoWhistle,SE_Bt_Etc_GuuBooWhistle_only,SE_Bt_Etc_DodoBye
276,,,,,
277,加隆德GL-II,,SE_Bt_Etc_Mount_AmericanBike_call,SE_Bt_Etc_MadoWhistle_only,SE_Bt_Etc_Mount_AmericanBike_bye
278,,,,,
279,機巧蓮座,,SE_Bt_Etc_Mount_Lotus_call,SE_Bt_Etc_GuuBooWhistle_only,SE_Bt_Etc_Mount_Lotus_bye
280,菲爾亞,,SE_Bt_Etc_Mount_ColorDragon_call,SE_Bt_Etc_GuuBooWhistle_only,SE_Bt_Etc_Mount_ColorDragon_bye
281,阿爾科諾斯特,,SE_Bt_Etc_Mount_Peryton_call,SE_Bt_Etc_GuuBooWhistle_only,SE_Bt_Etc_Mount_Peryton_bye
282,,,,,
283,,,,,
284,輔助機602,,SE_Bt_Etc_Mount_YTCPod_call,SE_Bt_Etc_MadoWhistle_only,SE_Bt_Etc_Mount_YTCPod_bye
285,,,,,
286,,,,,
287,河馬車,,SE_Bt_Etc_Mount_HippoCar_call,SE_Bt_Etc_GuuBooWhistle_only,SE_Bt_Etc_Mount_HippoCar_bye
288,巨魔,,SE_Bt_Etc_Mount_Troll_call,SE_Bt_Etc_GuuBooWhistle_only,SE_Bt_Etc_Mount_Troll_bye
289,,,SE_Bt_Etc_MadoWhistle,SE_Bt_Etc_MadoWhistle_only,SE_Bt_Etc_MadoBye
290,,,,,
291,醋蠍龍,,SE_Bt_Etc_Mount_Biter_call,SE_Bt_Etc_GuuBooWhistle_only,SE_Bt_Etc_Mount_Biter_bye
292,,,,,
293,藍羽猞猁,,SE_Bt_Etc_Mount_Maju_call,SE_Bt_Etc_GuuBooWhistle_only,SE_Bt_Etc_Mount_Maju_bye
294,大大柴,,SE_Bt_Etc_Mount_Shiba_call,SE_Bt_Etc_GuuBooWhistle_only,SE_Bt_Etc_Mount_Shiba_bye
295,,,SE_Bt_Etc_Mount_HippoCar_call,SE_Bt_Etc_GuuBooWhistle_only,SE_Bt_Etc_Mount_HippoCar_bye
296,,,SE_Bt_Etc_Mount_HippoCar_call,SE_Bt_Etc_GuuBooWhistle_only,SE_Bt_Etc_Mount_HippoCar_bye
297,,,,,
298,,,,,
299,幻奇獵鷹,,SE_Bt_Etc_BirdWhistle,SE_Bt_Etc_GuuBooWhistle_only,SE_Bt_Etc_BirdBye
300,魔法雨傘,,SE_Bt_Etc_Mount_Umbrella_call,SE_Bt_Etc_GuuBooWhistle_only,SE_Bt_Etc_Mount_Umbrella_bye
301,魔法陽傘,,SE_Bt_Etc_Mount_Umbrella_call,SE_Bt_Etc_GuuBooWhistle_only,SE_Bt_Etc_Mount_Umbrella_bye
302,,,SE_Bt_Etc_Mount_Reindeer_call,SE_Bt_Etc_GuuBooWhistle_only,SE_Bt_Etc_Mount_Reindeer_bye
303,,,,,
304,,,,,
305,炎靈獸,,SE_Bt_Etc_Mount_FlameBeast_call,SE_Bt_Etc_GuuBooWhistle_only,SE_Bt_Etc_Mount_FlameBeast_bye
306,煞風猞猁,,SE_Bt_Etc_Mount_Maju_call,SE_Bt_Etc_GuuBooWhistle_only,SE_Bt_Etc_Mount_Maju_bye
307,,,,,
308,,,,,
