key,0,1,2,3,4,5,6,7,8,9,10,11,12,13,14,15,16,17,18,19,20,21,22,23,24,25,26,27,28,29,30,31,32,33,34,35,36,37,38,39,40
#,Script,Instruction[0],Instruction[1],Instruction[2],Instruction[3],Instruction[4],Instruction[5],Instruction[6],Instruction[7],Instruction[8],Instruction[9],Instruction[10],Instruction[11],Instruction[12],Instruction[13],Instruction[14],Instruction[15],Instruction[16],Instruction[17],Instruction[18],Instruction[19],Instruction[20],Instruction[21],Instruction[22],Instruction[23],Instruction[24],Instruction[25],Instruction[26],Instruction[27],Instruction[28],Instruction[29],Instruction[30],Instruction[31],Instruction[32],Instruction[33],Instruction[34],Instruction[35],Instruction[36],Instruction[37],Instruction[38],Instruction[39]
offset,5360,0,8,16,24,32,40,48,56,64,72,80,88,96,104,112,120,128,136,144,152,160,168,176,184,192,200,208,216,224,232,240,248,256,264,272,280,288,296,304,312
int32,str,str,str,str,str,str,str,str,str,str,str,str,str,str,str,str,str,str,str,str,str,str,str,str,str,str,str,str,str,str,str,str,str,str,str,str,str,str,str,str,str
1703936,,,,,,,,,,,,,,,,,,,,,,,,,,,,,,,,,,,,,,,,,
1703937,StoryMain,,,,,,,,,,,,,,,,,,,,,,,,,,,,,,,,,,,,,,,,
1703938,,,,,,,,,,,,,,,,,,,,,,,,,,,,,,,,,,,,,,,,,
1703939,,,,,,,,,,,,,,,,,,,,,,,,,,,,,,,,,,,,,,,,,
1703940,,,,,,,,,,,,,,,,,,,,,,,,,,,,,,,,,,,,,,,,,
1703941,,,,,,,,,,,,,,,,,,,,,,,,,,,,,,,,,,,,,,,,,
1703942,,,,,,,,,,,,,,,,,,,,,,,,,,,,,,,,,,,,,,,,,
1703943,,,,,,,,,,,,,,,,,,,,,,,,,,,,,,,,,,,,,,,,,
1703944,,,,,,,,,,,,,,,,,,,,,,,,,,,,,,,,,,,,,,,,,
1703945,,,,,,,,,,,,,,,,,,,,,,,,,,,,,,,,,,,,,,,,,
1703946,,,,,,,,,,,,,,,,,,,,,,,,,,,,,,,,,,,,,,,,,
1703947,,,,,,,,,,,,,,,,,,,,,,,,,,,,,,,,,,,,,,,,,
1703948,,,,,,,,,,,,,,,,,,,,,,,,,,,,,,,,,,,,,,,,,
1703949,,,,,,,,,,,,,,,,,,,,,,,,,,,,,,,,,,,,,,,,,
1703950,,,,,,,,,,,,,,,,,,,,,,,,,,,,,,,,,,,,,,,,,
1703951,,,,,,,,,,,,,,,,,,,,,,,,,,,,,,,,,,,,,,,,,
1703952,,,,,,,,,,,,,,,,,,,,,,,,,,,,,,,,,,,,,,,,,
1703953,,,,,,,,,,,,,,,,,,,,,,,,,,,,,,,,,,,,,,,,,
1703954,,,,,,,,,,,,,,,,,,,,,,,,,,,,,,,,,,,,,,,,,
1703955,,,,,,,,,,,,,,,,,,,,,,,,,,,,,,,,,,,,,,,,,
1703956,,,,,,,,,,,,,,,,,,,,,,,,,,,,,,,,,,,,,,,,,
1703957,,,,,,,,,,,,,,,,,,,,,,,,,,,,,,,,,,,,,,,,,
1703958,,,,,,,,,,,,,,,,,,,,,,,,,,,,,,,,,,,,,,,,,
1703959,,,,,,,,,,,,,,,,,,,,,,,,,,,,,,,,,,,,,,,,,
1703960,,,,,,,,,,,,,,,,,,,,,,,,,,,,,,,,,,,,,,,,,
1703961,,,,,,,,,,,,,,,,,,,,,,,,,,,,,,,,,,,,,,,,,
1703962,,,,,,,,,,,,,,,,,,,,,,,,,,,,,,,,,,,,,,,,,
1703963,,,,,,,,,,,,,,,,,,,,,,,,,,,,,,,,,,,,,,,,,
1703964,,,,,,,,,,,,,,,,,,,,,,,,,,,,,,,,,,,,,,,,,
1703965,,,,,,,,,,,,,,,,,,,,,,,,,,,,,,,,,,,,,,,,,
1703966,,,,,,,,,,,,,,,,,,,,,,,,,,,,,,,,,,,,,,,,,
1703967,,,,,,,,,,,,,,,,,,,,,,,,,,,,,,,,,,,,,,,,,
1703968,,,,,,,,,,,,,,,,,,,,,,,,,,,,,,,,,,,,,,,,,
1703969,,,,,,,,,,,,,,,,,,,,,,,,,,,,,,,,,,,,,,,,,
1703970,,,,,,,,,,,,,,,,,,,,,,,,,,,,,,,,,,,,,,,,,
1703971,,,,,,,,,,,,,,,,,,,,,,,,,,,,,,,,,,,,,,,,,
1703972,,,,,,,,,,,,,,,,,,,,,,,,,,,,,,,,,,,,,,,,,
1703973,,,,,,,,,,,,,,,,,,,,,,,,,,,,,,,,,,,,,,,,,
1703974,,,,,,,,,,,,,,,,,,,,,,,,,,,,,,,,,,,,,,,,,
1703975,,,,,,,,,,,,,,,,,,,,,,,,,,,,,,,,,,,,,,,,,
1703976,,,,,,,,,,,,,,,,,,,,,,,,,,,,,,,,,,,,,,,,,
1703977,,,,,,,,,,,,,,,,,,,,,,,,,,,,,,,,,,,,,,,,,
1703978,,,,,,,,,,,,,,,,,,,,,,,,,,,,,,,,,,,,,,,,,
1703979,,,,,,,,,,,,,,,,,,,,,,,,,,,,,,,,,,,,,,,,,
1703980,,,,,,,,,,,,,,,,,,,,,,,,,,,,,,,,,,,,,,,,,
1703981,,,,,,,,,,,,,,,,,,,,,,,,,,,,,,,,,,,,,,,,,
1703982,,,,,,,,,,,,,,,,,,,,,,,,,,,,,,,,,,,,,,,,,
1703983,,,,,,,,,,,,,,,,,,,,,,,,,,,,,,,,,,,,,,,,,
1703984,,,,,,,,,,,,,,,,,,,,,,,,,,,,,,,,,,,,,,,,,
1703985,,,,,,,,,,,,,,,,,,,,,,,,,,,,,,,,,,,,,,,,,
1703986,,,,,,,,,,,,,,,,,,,,,,,,,,,,,,,,,,,,,,,,,
1703987,,,,,,,,,,,,,,,,,,,,,,,,,,,,,,,,,,,,,,,,,
1703988,,,,,,,,,,,,,,,,,,,,,,,,,,,,,,,,,,,,,,,,,
1703989,,,,,,,,,,,,,,,,,,,,,,,,,,,,,,,,,,,,,,,,,
1703990,,,,,,,,,,,,,,,,,,,,,,,,,,,,,,,,,,,,,,,,,
1703991,,,,,,,,,,,,,,,,,,,,,,,,,,,,,,,,,,,,,,,,,
1703992,,,,,,,,,,,,,,,,,,,,,,,,,,,,,,,,,,,,,,,,,
1703993,,,,,,,,,,,,,,,,,,,,,,,,,,,,,,,,,,,,,,,,,
1703994,,,,,,,,,,,,,,,,,,,,,,,,,,,,,,,,,,,,,,,,,
1703995,,,,,,,,,,,,,,,,,,,,,,,,,,,,,,,,,,,,,,,,,
1703996,,,,,,,,,,,,,,,,,,,,,,,,,,,,,,,,,,,,,,,,,
1703997,,,,,,,,,,,,,,,,,,,,,,,,,,,,,,,,,,,,,,,,,
1703998,,,,,,,,,,,,,,,,,,,,,,,,,,,,,,,,,,,,,,,,,
1703999,,,,,,,,,,,,,,,,,,,,,,,,,,,,,,,,,,,,,,,,,
1704000,,,,,,,,,,,,,,,,,,,,,,,,,,,,,,,,,,,,,,,,,
1704001,,,,,,,,,,,,,,,,,,,,,,,,,,,,,,,,,,,,,,,,,
1704002,,,,,,,,,,,,,,,,,,,,,,,,,,,,,,,,,,,,,,,,,
1704003,,,,,,,,,,,,,,,,,,,,,,,,,,,,,,,,,,,,,,,,,
1704004,,,,,,,,,,,,,,,,,,,,,,,,,,,,,,,,,,,,,,,,,
1704005,,,,,,,,,,,,,,,,,,,,,,,,,,,,,,,,,,,,,,,,,
1704006,,,,,,,,,,,,,,,,,,,,,,,,,,,,,,,,,,,,,,,,,
1704007,,,,,,,,,,,,,,,,,,,,,,,,,,,,,,,,,,,,,,,,,
1704008,,,,,,,,,,,,,,,,,,,,,,,,,,,,,,,,,,,,,,,,,
1704009,,,,,,,,,,,,,,,,,,,,,,,,,,,,,,,,,,,,,,,,,
1704010,,,,,,,,,,,,,,,,,,,,,,,,,,,,,,,,,,,,,,,,,
1704011,,,,,,,,,,,,,,,,,,,,,,,,,,,,,,,,,,,,,,,,,
1704012,,,,,,,,,,,,,,,,,,,,,,,,,,,,,,,,,,,,,,,,,
1704013,,,,,,,,,,,,,,,,,,,,,,,,,,,,,,,,,,,,,,,,,
1704014,,,,,,,,,,,,,,,,,,,,,,,,,,,,,,,,,,,,,,,,,
1704015,,,,,,,,,,,,,,,,,,,,,,,,,,,,,,,,,,,,,,,,,
1704016,,,,,,,,,,,,,,,,,,,,,,,,,,,,,,,,,,,,,,,,,
1704017,,,,,,,,,,,,,,,,,,,,,,,,,,,,,,,,,,,,,,,,,
1704018,,,,,,,,,,,,,,,,,,,,,,,,,,,,,,,,,,,,,,,,,
1704019,,,,,,,,,,,,,,,,,,,,,,,,,,,,,,,,,,,,,,,,,
1704020,,,,,,,,,,,,,,,,,,,,,,,,,,,,,,,,,,,,,,,,,
1704021,,,,,,,,,,,,,,,,,,,,,,,,,,,,,,,,,,,,,,,,,
1704022,,,,,,,,,,,,,,,,,,,,,,,,,,,,,,,,,,,,,,,,,
1704023,,,,,,,,,,,,,,,,,,,,,,,,,,,,,,,,,,,,,,,,,
1704024,,,,,,,,,,,,,,,,,,,,,,,,,,,,,,,,,,,,,,,,,
1704025,,,,,,,,,,,,,,,,,,,,,,,,,,,,,,,,,,,,,,,,,
1704026,,,,,,,,,,,,,,,,,,,,,,,,,,,,,,,,,,,,,,,,,
1704027,,,,,,,,,,,,,,,,,,,,,,,,,,,,,,,,,,,,,,,,,
1704028,,,,,,,,,,,,,,,,,,,,,,,,,,,,,,,,,,,,,,,,,
1704029,,,,,,,,,,,,,,,,,,,,,,,,,,,,,,,,,,,,,,,,,
1704030,,,,,,,,,,,,,,,,,,,,,,,,,,,,,,,,,,,,,,,,,
1704031,,,,,,,,,,,,,,,,,,,,,,,,,,,,,,,,,,,,,,,,,
1704032,,,,,,,,,,,,,,,,,,,,,,,,,,,,,,,,,,,,,,,,,
1704033,,,,,,,,,,,,,,,,,,,,,,,,,,,,,,,,,,,,,,,,,
1704034,,,,,,,,,,,,,,,,,,,,,,,,,,,,,,,,,,,,,,,,,
1704035,,,,,,,,,,,,,,,,,,,,,,,,,,,,,,,,,,,,,,,,,
1704036,,,,,,,,,,,,,,,,,,,,,,,,,,,,,,,,,,,,,,,,,
1704037,,,,,,,,,,,,,,,,,,,,,,,,,,,,,,,,,,,,,,,,,
1704038,,,,,,,,,,,,,,,,,,,,,,,,,,,,,,,,,,,,,,,,,
1704039,,,,,,,,,,,,,,,,,,,,,,,,,,,,,,,,,,,,,,,,,
1704040,,,,,,,,,,,,,,,,,,,,,,,,,,,,,,,,,,,,,,,,,
1704041,,,,,,,,,,,,,,,,,,,,,,,,,,,,,,,,,,,,,,,,,
1704042,,,,,,,,,,,,,,,,,,,,,,,,,,,,,,,,,,,,,,,,,
1704043,,,,,,,,,,,,,,,,,,,,,,,,,,,,,,,,,,,,,,,,,
1704044,,,,,,,,,,,,,,,,,,,,,,,,,,,,,,,,,,,,,,,,,
1704045,,,,,,,,,,,,,,,,,,,,,,,,,,,,,,,,,,,,,,,,,
1704046,,,,,,,,,,,,,,,,,,,,,,,,,,,,,,,,,,,,,,,,,
1704047,,,,,,,,,,,,,,,,,,,,,,,,,,,,,,,,,,,,,,,,,
1704048,,,,,,,,,,,,,,,,,,,,,,,,,,,,,,,,,,,,,,,,,
1704049,,,,,,,,,,,,,,,,,,,,,,,,,,,,,,,,,,,,,,,,,
1704050,,,,,,,,,,,,,,,,,,,,,,,,,,,,,,,,,,,,,,,,,
1704051,,,,,,,,,,,,,,,,,,,,,,,,,,,,,,,,,,,,,,,,,
1704052,,,,,,,,,,,,,,,,,,,,,,,,,,,,,,,,,,,,,,,,,
1704053,,,,,,,,,,,,,,,,,,,,,,,,,,,,,,,,,,,,,,,,,
1704054,,,,,,,,,,,,,,,,,,,,,,,,,,,,,,,,,,,,,,,,,
1704055,,,,,,,,,,,,,,,,,,,,,,,,,,,,,,,,,,,,,,,,,
1704056,,,,,,,,,,,,,,,,,,,,,,,,,,,,,,,,,,,,,,,,,
1704057,,,,,,,,,,,,,,,,,,,,,,,,,,,,,,,,,,,,,,,,,
1704058,,,,,,,,,,,,,,,,,,,,,,,,,,,,,,,,,,,,,,,,,
1704059,,,,,,,,,,,,,,,,,,,,,,,,,,,,,,,,,,,,,,,,,
1704060,,,,,,,,,,,,,,,,,,,,,,,,,,,,,,,,,,,,,,,,,
1704061,,,,,,,,,,,,,,,,,,,,,,,,,,,,,,,,,,,,,,,,,
1704062,,,,,,,,,,,,,,,,,,,,,,,,,,,,,,,,,,,,,,,,,
1704063,,,,,,,,,,,,,,,,,,,,,,,,,,,,,,,,,,,,,,,,,
1704064,,,,,,,,,,,,,,,,,,,,,,,,,,,,,,,,,,,,,,,,,
1704065,,,,,,,,,,,,,,,,,,,,,,,,,,,,,,,,,,,,,,,,,
1704066,,,,,,,,,,,,,,,,,,,,,,,,,,,,,,,,,,,,,,,,,
1704067,,,,,,,,,,,,,,,,,,,,,,,,,,,,,,,,,,,,,,,,,
1704068,,,,,,,,,,,,,,,,,,,,,,,,,,,,,,,,,,,,,,,,,
1704069,,,,,,,,,,,,,,,,,,,,,,,,,,,,,,,,,,,,,,,,,
1704070,,,,,,,,,,,,,,,,,,,,,,,,,,,,,,,,,,,,,,,,,
1704071,,,,,,,,,,,,,,,,,,,,,,,,,,,,,,,,,,,,,,,,,
1704072,,,,,,,,,,,,,,,,,,,,,,,,,,,,,,,,,,,,,,,,,
1704073,,,,,,,,,,,,,,,,,,,,,,,,,,,,,,,,,,,,,,,,,
1704074,,,,,,,,,,,,,,,,,,,,,,,,,,,,,,,,,,,,,,,,,
1704075,,,,,,,,,,,,,,,,,,,,,,,,,,,,,,,,,,,,,,,,,
1704076,,,,,,,,,,,,,,,,,,,,,,,,,,,,,,,,,,,,,,,,,
1704077,,,,,,,,,,,,,,,,,,,,,,,,,,,,,,,,,,,,,,,,,
1704078,,,,,,,,,,,,,,,,,,,,,,,,,,,,,,,,,,,,,,,,,
1704079,,,,,,,,,,,,,,,,,,,,,,,,,,,,,,,,,,,,,,,,,
1704080,,,,,,,,,,,,,,,,,,,,,,,,,,,,,,,,,,,,,,,,,
1704081,,,,,,,,,,,,,,,,,,,,,,,,,,,,,,,,,,,,,,,,,
1704082,,,,,,,,,,,,,,,,,,,,,,,,,,,,,,,,,,,,,,,,,
1704083,,,,,,,,,,,,,,,,,,,,,,,,,,,,,,,,,,,,,,,,,
1704084,,,,,,,,,,,,,,,,,,,,,,,,,,,,,,,,,,,,,,,,,
1704085,,,,,,,,,,,,,,,,,,,,,,,,,,,,,,,,,,,,,,,,,
1704086,,,,,,,,,,,,,,,,,,,,,,,,,,,,,,,,,,,,,,,,,
1704087,,,,,,,,,,,,,,,,,,,,,,,,,,,,,,,,,,,,,,,,,
1704088,,,,,,,,,,,,,,,,,,,,,,,,,,,,,,,,,,,,,,,,,
1704089,,,,,,,,,,,,,,,,,,,,,,,,,,,,,,,,,,,,,,,,,
1704090,,,,,,,,,,,,,,,,,,,,,,,,,,,,,,,,,,,,,,,,,
1704091,,,,,,,,,,,,,,,,,,,,,,,,,,,,,,,,,,,,,,,,,
1704092,,,,,,,,,,,,,,,,,,,,,,,,,,,,,,,,,,,,,,,,,
1704093,,,,,,,,,,,,,,,,,,,,,,,,,,,,,,,,,,,,,,,,,
1704094,,,,,,,,,,,,,,,,,,,,,,,,,,,,,,,,,,,,,,,,,
1704095,,,,,,,,,,,,,,,,,,,,,,,,,,,,,,,,,,,,,,,,,
1704096,,,,,,,,,,,,,,,,,,,,,,,,,,,,,,,,,,,,,,,,,
1704097,,,,,,,,,,,,,,,,,,,,,,,,,,,,,,,,,,,,,,,,,
1704098,,,,,,,,,,,,,,,,,,,,,,,,,,,,,,,,,,,,,,,,,
1704099,,,,,,,,,,,,,,,,,,,,,,,,,,,,,,,,,,,,,,,,,
1704100,,,,,,,,,,,,,,,,,,,,,,,,,,,,,,,,,,,,,,,,,
1704101,,,,,,,,,,,,,,,,,,,,,,,,,,,,,,,,,,,,,,,,,
1704102,,,,,,,,,,,,,,,,,,,,,,,,,,,,,,,,,,,,,,,,,
1704103,,,,,,,,,,,,,,,,,,,,,,,,,,,,,,,,,,,,,,,,,
1704104,,,,,,,,,,,,,,,,,,,,,,,,,,,,,,,,,,,,,,,,,
1704105,,,,,,,,,,,,,,,,,,,,,,,,,,,,,,,,,,,,,,,,,
1704106,,,,,,,,,,,,,,,,,,,,,,,,,,,,,,,,,,,,,,,,,
1704107,,,,,,,,,,,,,,,,,,,,,,,,,,,,,,,,,,,,,,,,,
1704108,,,,,,,,,,,,,,,,,,,,,,,,,,,,,,,,,,,,,,,,,
1704109,,,,,,,,,,,,,,,,,,,,,,,,,,,,,,,,,,,,,,,,,
1704110,,,,,,,,,,,,,,,,,,,,,,,,,,,,,,,,,,,,,,,,,
1704111,,,,,,,,,,,,,,,,,,,,,,,,,,,,,,,,,,,,,,,,,
1704112,,,,,,,,,,,,,,,,,,,,,,,,,,,,,,,,,,,,,,,,,
1704113,,,,,,,,,,,,,,,,,,,,,,,,,,,,,,,,,,,,,,,,,
1704114,,,,,,,,,,,,,,,,,,,,,,,,,,,,,,,,,,,,,,,,,
1704115,,,,,,,,,,,,,,,,,,,,,,,,,,,,,,,,,,,,,,,,,
1704116,,,,,,,,,,,,,,,,,,,,,,,,,,,,,,,,,,,,,,,,,
1704117,,,,,,,,,,,,,,,,,,,,,,,,,,,,,,,,,,,,,,,,,
1704118,,,,,,,,,,,,,,,,,,,,,,,,,,,,,,,,,,,,,,,,,
1704119,,,,,,,,,,,,,,,,,,,,,,,,,,,,,,,,,,,,,,,,,
1704120,,,,,,,,,,,,,,,,,,,,,,,,,,,,,,,,,,,,,,,,,
1704121,,,,,,,,,,,,,,,,,,,,,,,,,,,,,,,,,,,,,,,,,
1704122,,,,,,,,,,,,,,,,,,,,,,,,,,,,,,,,,,,,,,,,,
1704123,,,,,,,,,,,,,,,,,,,,,,,,,,,,,,,,,,,,,,,,,
1704124,,,,,,,,,,,,,,,,,,,,,,,,,,,,,,,,,,,,,,,,,
1704125,,,,,,,,,,,,,,,,,,,,,,,,,,,,,,,,,,,,,,,,,
1704126,,,,,,,,,,,,,,,,,,,,,,,,,,,,,,,,,,,,,,,,,
1704127,,,,,,,,,,,,,,,,,,,,,,,,,,,,,,,,,,,,,,,,,
1704128,,,,,,,,,,,,,,,,,,,,,,,,,,,,,,,,,,,,,,,,,
1704129,,,,,,,,,,,,,,,,,,,,,,,,,,,,,,,,,,,,,,,,,
1704130,,,,,,,,,,,,,,,,,,,,,,,,,,,,,,,,,,,,,,,,,
1704131,,,,,,,,,,,,,,,,,,,,,,,,,,,,,,,,,,,,,,,,,
1704132,,,,,,,,,,,,,,,,,,,,,,,,,,,,,,,,,,,,,,,,,
1704133,,,,,,,,,,,,,,,,,,,,,,,,,,,,,,,,,,,,,,,,,
1704134,,,,,,,,,,,,,,,,,,,,,,,,,,,,,,,,,,,,,,,,,
1704135,,,,,,,,,,,,,,,,,,,,,,,,,,,,,,,,,,,,,,,,,
1704136,,,,,,,,,,,,,,,,,,,,,,,,,,,,,,,,,,,,,,,,,
1704137,,,,,,,,,,,,,,,,,,,,,,,,,,,,,,,,,,,,,,,,,
1704138,,,,,,,,,,,,,,,,,,,,,,,,,,,,,,,,,,,,,,,,,
1704139,,,,,,,,,,,,,,,,,,,,,,,,,,,,,,,,,,,,,,,,,
1704140,,,,,,,,,,,,,,,,,,,,,,,,,,,,,,,,,,,,,,,,,
1704141,,,,,,,,,,,,,,,,,,,,,,,,,,,,,,,,,,,,,,,,,
1704142,,,,,,,,,,,,,,,,,,,,,,,,,,,,,,,,,,,,,,,,,
1704143,,,,,,,,,,,,,,,,,,,,,,,,,,,,,,,,,,,,,,,,,
1704144,,,,,,,,,,,,,,,,,,,,,,,,,,,,,,,,,,,,,,,,,
1704145,,,,,,,,,,,,,,,,,,,,,,,,,,,,,,,,,,,,,,,,,
1704146,,,,,,,,,,,,,,,,,,,,,,,,,,,,,,,,,,,,,,,,,
1704147,,,,,,,,,,,,,,,,,,,,,,,,,,,,,,,,,,,,,,,,,
1704148,,,,,,,,,,,,,,,,,,,,,,,,,,,,,,,,,,,,,,,,,
1704149,,,,,,,,,,,,,,,,,,,,,,,,,,,,,,,,,,,,,,,,,
1704150,,,,,,,,,,,,,,,,,,,,,,,,,,,,,,,,,,,,,,,,,
1704151,,,,,,,,,,,,,,,,,,,,,,,,,,,,,,,,,,,,,,,,,
1704152,,,,,,,,,,,,,,,,,,,,,,,,,,,,,,,,,,,,,,,,,
1704153,,,,,,,,,,,,,,,,,,,,,,,,,,,,,,,,,,,,,,,,,
1704154,,,,,,,,,,,,,,,,,,,,,,,,,,,,,,,,,,,,,,,,,
1704155,,,,,,,,,,,,,,,,,,,,,,,,,,,,,,,,,,,,,,,,,
1704156,,,,,,,,,,,,,,,,,,,,,,,,,,,,,,,,,,,,,,,,,
1704157,,,,,,,,,,,,,,,,,,,,,,,,,,,,,,,,,,,,,,,,,
1704158,,,,,,,,,,,,,,,,,,,,,,,,,,,,,,,,,,,,,,,,,
1704159,,,,,,,,,,,,,,,,,,,,,,,,,,,,,,,,,,,,,,,,,
1704160,,,,,,,,,,,,,,,,,,,,,,,,,,,,,,,,,,,,,,,,,
1704161,,,,,,,,,,,,,,,,,,,,,,,,,,,,,,,,,,,,,,,,,
1704162,,,,,,,,,,,,,,,,,,,,,,,,,,,,,,,,,,,,,,,,,
1704163,,,,,,,,,,,,,,,,,,,,,,,,,,,,,,,,,,,,,,,,,
1704164,,,,,,,,,,,,,,,,,,,,,,,,,,,,,,,,,,,,,,,,,
1704165,,,,,,,,,,,,,,,,,,,,,,,,,,,,,,,,,,,,,,,,,
1704166,,,,,,,,,,,,,,,,,,,,,,,,,,,,,,,,,,,,,,,,,
1704167,,,,,,,,,,,,,,,,,,,,,,,,,,,,,,,,,,,,,,,,,
1704168,,,,,,,,,,,,,,,,,,,,,,,,,,,,,,,,,,,,,,,,,
1704169,,,,,,,,,,,,,,,,,,,,,,,,,,,,,,,,,,,,,,,,,
